<?xml version="1.0" encoding="UTF-8"?>
<project-private xmlns="http://www.netbeans.org/ns/project-private/1">
    <editor-bookmarks xmlns="http://www.netbeans.org/ns/editor-bookmarks/2" lastBookmarkId="0"/>
    <open-files xmlns="http://www.netbeans.org/ns/projectui-open-files/2">
        <group>
            <file>file:/C:/Users/Usuario%20Dell/Desktop/UVG%20TERCER%20AÑO/PROGRA%20DE%20MICROS/MPLABPROYECTS/Lab4_digital2_master.X/I2C.c</file>
            <file>file:/C:/Users/Usuario%20Dell/Desktop/UVG%20TERCER%20AÑO/PROGRA%20DE%20MICROS/MPLABPROYECTS/Lab4_digital2_master.X/main.c</file>
        </group>
    </open-files>
</project-private>
